{"mae":2596.74972885612,"r2":0.9615207644184167,"rmse":4494.749414390712}
